//mode,create,,,,,,,,,,,,,,,,,,
Apartments,id,number,type,nameKey,descriptionKey,addressKey,size,featuresKeys,,,,,,,,,,,
//   ,*app5,5,1,VIP,apartment 5 par 1;apartment 5 par 2;apartment 5 par 3;apartment 5 par 4;apartment 5 par 5,poltavski shlach,27,27 sq.m.;Wi-Fi;TV;Air Condition;Refrigirator;Washing Machine;Jacuzzi;Fireplace;Double bed + Sofa;Electric Stove;Boiler;Hair Dryer;Dishes;Mini-Parfumery;Slippers;Iron;Microwave;Kettle;Mini-Bar;24X7 Service,,,,,,,,,,,
//   ,*app14,14,1,Romance,apartment 14 par 1;apartment 14 par 2;apartment 14 par 3;apartment 14 par 4;apartment 14 par 5,poltavski shlach,25,25 sq.m.;Wi-Fi;TV;Air Condition;Refrigirator;Washing Machine;Shower Stall;Double bed + Sofa;Electric Stove;Boiler;Hair Dryer;Dishes;Mini-Parfumery;Slippers;Iron;Microwave;Kettle;Mini-Bar;24X7 Service,,,,,,,,,,,
//   ,*app22,22,1,Family style,apartment 22 par 1;apartment 22 par 2;apartment 22 par 3;apartment 22 par 4;apartment 22 par 5,poltavski shlach,22,23 sq.m.;Wi-Fi;TV;Air Condition;Refrigirator;Washing Machine;Shower;Convertible Sofa;Electric Stove;Boiler;Hair Dryer;Dishes;Mini-Parfumery;Slippers;Iron;Microwave;Kettle;Mini-Bar;24X7 Service,,,,,,,,,,,
//   ,*app23,23,1,Business Pleasure,apartment 23 par 1;apartment 23 par 2;apartment 23 par 3;apartment 23 par 4;apartment 23 par 5,poltavski shlach,22,23 sq.m.;Wi-Fi;TV;Air Condition;Refrigirator;Washing Machine;Shower;Convertible Sofa;Electric Stove;Boiler;Hair Dryer;Dishes;Mini-Parfumery;Slippers;Iron;Microwave;Kettle;Mini-Bar;24X7 Service,,,,,,,,,,,
//   ,*app24,24,1,Sweet Dreams,apartment 24 par 1;apartment 24 par 2;apartment 24 par 3;apartment 24 par 4;apartment 24 par 5,poltavski shlach,25,25 sq.m.;Wi-Fi;TV;Air Condition;Refrigirator;Washing Machine;Shower Stall;Double bed + Sofa;Electric Stove;Boiler;Hair Dryer;Dishes;Mini-Parfumery;Slippers;Iron;Microwave;Kettle;Mini-Bar;24X7 Service,,,,,,,,,,,
//   ,*app28,28,1,Center,apartment 28 par 1;apartment 28 par 2;apartment 28 par 3;apartment 28 par 4;apartment 28 par 6,svobody,32,50 sq.m.;Wi-Fi;Smart TV;Air Condition;Refrigirator;Washing Machine;Dryer;Bath;Bathrobe;Double bed + Sofa;Electric Stove;Boiler;Hair Dryer;Dishes;Mini-Parfumery;Slippers;Iron;Microwave;Kettle;Dining Table;Coffee Table,,,,,,,,,,,
//   ,*wait1,-1,2,waiting apartment,,,,,,,,,,,,,,,
//   ,*wait2,-2,2,waiting apartment,,,,,,,,,,,,,,,
,,,,,,,,,,,,,,,,,,,
,,,,,,,,,,,,,,,,,,,
,,,,,,,,,,,,,,,,,,,
Guests,id,name,phone,email,Country_code,,,,,,,,,,,,,,
,,,,,,,,,,,,,,,,,,,
,,,,,,,,,,,,,,,,,,,
,,,,,,,,,,,,,,,,,,,
,,,,,,,,,,,,,,,,,,,
EmployeeWorkDays,dateAndTime,hours,salaryCents,isSalaryDay,Currency_currencyCode,Employee_id,,,,,,,,,,,,,
,,,,,,,,,,,,,,,,,,,
,,,,,,,,,,,,,,,,,,,
Orders,id,checkinDate,checkoutDate,Apartment_id,Guest_id,dayCount,adultCount,childrenCount,expectedArrival,specialRequest,status,confirmationNumber,cancellationNumber,price,amountPaid,bookedBy,Currency_currencyCode,OrderColor,staffComments
,*order1,2019-01-01,2019-01-03,6,1,2,2,0,,,2,,,60000,,,UAH,,
,*order2,2019-01-03,2019-01-05,6,1,2,2,0,,,2,,,60000,,,UAH,,
,*order3,2019-01-05,2019-01-07,6,1,2,2,0,,,2,,,60000,,,UAH,,
,*order4,2019-01-07,2019-01-09,6,1,2,2,0,,,2,,,60000,,,UAH,,
,*order5,2019-01-09,2019-01-11,6,1,2,2,0,,,2,,,60000,,,UAH,,
,*order6,2019-01-11,2019-01-13,6,1,2,2,0,,,2,,,60000,,,UAH,,
,*order7,2019-01-13,2019-01-15,6,1,2,2,0,,,2,,,60000,,,UAH,,
,*order8,2019-01-15,2019-01-17,6,1,2,2,0,,,2,,,60000,,,UAH,,
,*order9,2019-01-17,2019-01-19,6,1,2,2,0,,,2,,,60000,,,UAH,,
,*order10,2019-01-19,2019-01-21,6,1,2,2,0,,,2,,,60000,,,UAH,,
,*order11,2019-01-21,2019-01-23,6,1,2,2,0,,,2,,,60000,,,UAH,,
,*order12,2019-01-23,2019-01-25,6,1,2,2,0,,,2,,,60000,,,UAH,,
,*order13,2019-01-25,2019-01-27,6,1,2,2,0,,,2,,,60000,,,UAH,,
,*order14,2019-01-27,2019-01-29,6,1,2,2,0,,,2,,,60000,,,UAH,,
,*order15,2019-01-29,2019-01-31,6,1,2,2,0,,,2,,,60000,,,UAH,,
,*order16,2019-01-31,2019-02-02,6,1,2,2,0,,,2,,,60000,,,UAH,,
,*order17,2019-02-02,2019-02-04,6,1,2,2,0,,,2,,,60000,,,UAH,,
,*order18,2019-02-04,2019-02-06,6,1,2,2,0,,,2,,,60000,,,UAH,,
,*order19,2019-02-06,2019-02-08,6,1,2,2,0,,,2,,,60000,,,UAH,,
,*order20,2019-02-08,2019-02-10,6,1,2,2,0,,,2,,,60000,,,UAH,,
,*order21,2019-02-10,2019-02-12,6,1,2,2,0,,,2,,,60000,,,UAH,,
,*order22,2019-02-12,2019-02-14,6,1,2,2,0,,,2,,,60000,,,UAH,,
,*order23,2019-02-14,2019-02-16,6,1,2,2,0,,,2,,,60000,,,UAH,,
,*order24,2019-02-16,2019-02-18,6,1,2,2,0,,,2,,,60000,,,UAH,,
,*order25,2019-02-18,2019-02-20,6,1,2,2,0,,,2,,,60000,,,UAH,,
,*order26,2019-02-20,2019-02-22,6,1,2,2,0,,,2,,,60000,,,UAH,,
,*order27,2019-02-22,2019-02-24,6,1,2,2,0,,,2,,,60000,,,UAH,,
,*order28,2019-02-24,2019-02-26,6,1,2,2,0,,,2,,,60000,,,UAH,,
,*order29,2019-02-26,2019-02-28,6,1,2,2,0,,,2,,,60000,,,UAH,,
,*order30,2019-02-28,2019-03-02,6,1,2,2,0,,,2,,,60000,,,UAH,,
,*order31,2019-03-02,2019-03-04,6,1,2,2,0,,,2,,,60000,,,UAH,,
,*order32,2019-03-04,2019-03-06,6,1,2,2,0,,,2,,,60000,,,UAH,,
,*order33,2019-03-06,2019-03-08,6,1,2,2,0,,,2,,,60000,,,UAH,,
,*order34,2019-03-08,2019-03-10,6,1,2,2,0,,,2,,,60000,,,UAH,,
,*order35,2019-03-10,2019-03-12,6,1,2,2,0,,,2,,,60000,,,UAH,,
,*order36,2019-03-12,2019-03-14,6,1,2,2,0,,,2,,,60000,,,UAH,,
,*order37,2019-03-14,2019-03-16,6,1,2,2,0,,,2,,,60000,,,UAH,,
,*order38,2019-03-16,2019-03-18,6,1,2,2,0,,,2,,,60000,,,UAH,,
,*order39,2019-03-18,2019-03-20,6,1,2,2,0,,,2,,,60000,,,UAH,,
,*order40,2019-03-20,2019-03-22,6,1,2,2,0,,,2,,,60000,,,UAH,,
,*order41,2019-03-22,2019-03-24,6,1,2,2,0,,,2,,,60000,,,UAH,,
,*order42,2019-03-24,2019-03-26,6,1,2,2,0,,,2,,,60000,,,UAH,,
,*order43,2019-03-26,2019-03-28,6,1,2,2,0,,,2,,,60000,,,UAH,,
,*order44,2019-03-28,2019-03-30,6,1,2,2,0,,,2,,,60000,,,UAH,,
,*order45,2019-03-30,2019-04-01,6,1,2,2,0,,,2,,,60000,,,UAH,,
,*order46,2019-04-01,2019-04-03,6,1,2,2,0,,,2,,,60000,,,UAH,,
,*order47,2019-04-03,2019-04-05,6,1,2,2,0,,,2,,,60000,,,UAH,,
,*order48,2019-04-05,2019-04-07,6,1,2,2,0,,,2,,,60000,,,UAH,,
,*order49,2019-04-07,2019-04-09,6,1,2,2,0,,,2,,,60000,,,UAH,,
,*order50,2019-04-09,2019-04-11,6,1,2,2,0,,,2,,,60000,,,UAH,,
,*order51,2019-04-11,2019-04-13,6,1,2,2,0,,,2,,,60000,,,UAH,,
,*order52,2019-04-13,2019-04-15,6,1,2,2,0,,,2,,,60000,,,UAH,,
,*order53,2019-04-15,2019-04-17,6,1,2,2,0,,,2,,,60000,,,UAH,,
,*order54,2019-04-17,2019-04-19,6,1,2,2,0,,,2,,,60000,,,UAH,,
,*order55,2019-04-19,2019-04-21,6,1,2,2,0,,,2,,,60000,,,UAH,,
,*order56,2019-04-21,2019-04-23,6,1,2,2,0,,,2,,,60000,,,UAH,,
,*order57,2019-04-23,2019-04-25,6,1,2,2,0,,,2,,,60000,,,UAH,,
,*order58,2019-04-25,2019-04-27,6,1,2,2,0,,,2,,,60000,,,UAH,,
,*order59,2019-04-27,2019-04-29,6,1,2,2,0,,,2,,,60000,,,UAH,,
,*order60,2019-04-29,2019-05-01,6,1,2,2,0,,,2,,,60000,,,UAH,,
,*order61,2019-05-01,2019-05-03,6,1,2,2,0,,,2,,,60000,,,UAH,,
,*order62,2019-05-03,2019-05-05,6,1,2,2,0,,,2,,,60000,,,UAH,,
,*order63,2019-05-05,2019-05-07,6,1,2,2,0,,,2,,,60000,,,UAH,,
,*order64,2019-05-07,2019-05-09,6,1,2,2,0,,,2,,,60000,,,UAH,,
,*order65,2019-05-09,2019-05-11,6,1,2,2,0,,,2,,,60000,,,UAH,,
,*order66,2019-05-11,2019-05-13,6,1,2,2,0,,,2,,,60000,,,UAH,,
,*order67,2019-05-13,2019-05-15,6,1,2,2,0,,,2,,,60000,,,UAH,,
,*order68,2019-05-15,2019-05-17,6,1,2,2,0,,,2,,,60000,,,UAH,,
,*order69,2019-05-17,2019-05-19,6,1,2,2,0,,,2,,,60000,,,UAH,,
,*order70,2019-05-19,2019-05-21,6,1,2,2,0,,,2,,,60000,,,UAH,,
,*order71,2019-05-21,2019-05-23,6,1,2,2,0,,,2,,,60000,,,UAH,,
,*order72,2019-05-23,2019-05-25,6,1,2,2,0,,,2,,,60000,,,UAH,,
,*order73,2019-05-25,2019-05-27,6,1,2,2,0,,,2,,,60000,,,UAH,,
,*order74,2019-05-27,2019-05-29,6,1,2,2,0,,,2,,,60000,,,UAH,,
,*order75,2019-05-29,2019-05-31,6,1,2,2,0,,,2,,,60000,,,UAH,,
,*order76,2019-05-31,2019-06-02,6,1,2,2,0,,,2,,,60000,,,UAH,,
,*order77,2019-06-02,2019-06-04,6,1,2,2,0,,,2,,,60000,,,UAH,,
,*order78,2019-06-04,2019-06-06,6,1,2,2,0,,,2,,,60000,,,UAH,,
,*order79,2019-06-06,2019-06-08,6,1,2,2,0,,,2,,,60000,,,UAH,,
,*order80,2019-06-08,2019-06-10,6,1,2,2,0,,,2,,,60000,,,UAH,,
,*order81,2019-06-10,2019-06-12,6,1,2,2,0,,,2,,,60000,,,UAH,,
,*order82,2019-06-12,2019-06-14,6,1,2,2,0,,,2,,,60000,,,UAH,,
,*order83,2019-06-14,2019-06-16,6,1,2,2,0,,,2,,,60000,,,UAH,,
,*order84,2019-06-16,2019-06-18,6,1,2,2,0,,,2,,,60000,,,UAH,,
,*order85,2019-06-18,2019-06-20,6,1,2,2,0,,,2,,,60000,,,UAH,,
,*order86,2019-06-20,2019-06-22,6,1,2,2,0,,,2,,,60000,,,UAH,,
,*order87,2019-06-22,2019-06-24,6,1,2,2,0,,,2,,,60000,,,UAH,,
,*order88,2019-06-24,2019-06-26,6,1,2,2,0,,,2,,,60000,,,UAH,,
,*order89,2019-06-26,2019-06-28,6,1,2,2,0,,,2,,,60000,,,UAH,,
,*order90,2019-06-28,2019-06-30,6,1,2,2,0,,,2,,,60000,,,UAH,,
,*order91,2019-06-30,2019-07-02,6,1,2,2,0,,,2,,,60000,,,UAH,,
,*order92,2019-07-02,2019-07-04,6,1,2,2,0,,,2,,,60000,,,UAH,,
,*order93,2019-07-04,2019-07-06,6,1,2,2,0,,,2,,,60000,,,UAH,,
,*order94,2019-07-06,2019-07-08,6,1,2,2,0,,,2,,,60000,,,UAH,,
,*order95,2019-07-08,2019-07-10,6,1,2,2,0,,,2,,,60000,,,UAH,,
,*order96,2019-07-10,2019-07-12,6,1,2,2,0,,,2,,,60000,,,UAH,,
,*order97,2019-07-12,2019-07-14,6,1,2,2,0,,,2,,,60000,,,UAH,,
,*order98,2019-07-14,2019-07-16,6,1,2,2,0,,,2,,,60000,,,UAH,,
,*order99,2019-07-16,2019-07-18,6,1,2,2,0,,,2,,,60000,,,UAH,,
,*order100,2019-07-18,2019-07-20,6,1,2,2,0,,,2,,,60000,,,UAH,,
,*order101,2019-07-20,2019-07-22,6,1,2,2,0,,,2,,,60000,,,UAH,,
,*order102,2019-07-22,2019-07-24,6,1,2,2,0,,,2,,,60000,,,UAH,,
,*order103,2019-07-24,2019-07-26,6,1,2,2,0,,,2,,,60000,,,UAH,,
,*order104,2019-07-26,2019-07-28,6,1,2,2,0,,,2,,,60000,,,UAH,,
,*order105,2019-07-28,2019-07-30,6,1,2,2,0,,,2,,,60000,,,UAH,,
,*order106,2019-07-30,2019-08-01,6,1,2,2,0,,,2,,,60000,,,UAH,,
,*order107,2019-08-01,2019-08-03,6,1,2,2,0,,,2,,,60000,,,UAH,,
,*order108,2019-08-03,2019-08-05,6,1,2,2,0,,,2,,,60000,,,UAH,,
,*order109,2019-08-05,2019-08-07,6,1,2,2,0,,,2,,,60000,,,UAH,,
,*order110,2019-08-07,2019-08-09,6,1,2,2,0,,,2,,,60000,,,UAH,,
,*order111,2019-08-09,2019-08-11,6,1,2,2,0,,,2,,,60000,,,UAH,,
,*order112,2019-08-11,2019-08-13,6,1,2,2,0,,,2,,,60000,,,UAH,,
,*order113,2019-08-13,2019-08-15,6,1,2,2,0,,,2,,,60000,,,UAH,,
,*order114,2019-08-15,2019-08-17,6,1,2,2,0,,,2,,,60000,,,UAH,,
,*order115,2019-08-17,2019-08-19,6,1,2,2,0,,,2,,,60000,,,UAH,,
,*order116,2019-08-19,2019-08-21,6,1,2,2,0,,,2,,,60000,,,UAH,,
,*order117,2019-08-21,2019-08-23,6,1,2,2,0,,,2,,,60000,,,UAH,,
,*order118,2019-08-23,2019-08-25,6,1,2,2,0,,,2,,,60000,,,UAH,,
,*order119,2019-08-25,2019-08-27,6,1,2,2,0,,,2,,,60000,,,UAH,,
,*order120,2019-08-27,2019-08-29,6,1,2,2,0,,,2,,,60000,,,UAH,,
,*order121,2019-08-29,2019-08-31,6,1,2,2,0,,,2,,,60000,,,UAH,,
,*order122,2019-08-31,2019-09-02,6,1,2,2,0,,,2,,,60000,,,UAH,,
,*order123,2019-09-02,2019-09-04,6,1,2,2,0,,,2,,,60000,,,UAH,,
,*order124,2019-09-04,2019-09-06,6,1,2,2,0,,,2,,,60000,,,UAH,,
,*order125,2019-09-06,2019-09-08,6,1,2,2,0,,,2,,,60000,,,UAH,,
,*order126,2019-09-08,2019-09-10,6,1,2,2,0,,,2,,,60000,,,UAH,,
,*order127,2019-09-10,2019-09-12,6,1,2,2,0,,,2,,,60000,,,UAH,,
,*order128,2019-09-12,2019-09-14,6,1,2,2,0,,,2,,,60000,,,UAH,,
,*order129,2019-09-14,2019-09-16,6,1,2,2,0,,,2,,,60000,,,UAH,,
,*order130,2019-09-16,2019-09-18,6,1,2,2,0,,,2,,,60000,,,UAH,,
,*order131,2019-09-18,2019-09-20,6,1,2,2,0,,,2,,,60000,,,UAH,,
,*order132,2019-09-20,2019-09-22,6,1,2,2,0,,,2,,,60000,,,UAH,,
,*order133,2019-09-22,2019-09-24,6,1,2,2,0,,,2,,,60000,,,UAH,,
,*order134,2019-09-24,2019-09-26,6,1,2,2,0,,,2,,,60000,,,UAH,,
,*order135,2019-09-26,2019-09-28,6,1,2,2,0,,,2,,,60000,,,UAH,,
,*order136,2019-09-28,2019-09-30,6,1,2,2,0,,,2,,,60000,,,UAH,,
,,,,,,,,,,,,,,,,,,,
,,,,,,,,,,,,,,,,,,,
ApartmentDays,Apartment_Id,date,status,isCleaned,revenue,Currency_currencyCode,priceFactor,order_id,,,,,,,,,,,
,6,2019-01-01,1,TRUE,30000,UAH,1,*order1,,,,,,,,,,,
,6,2019-01-02,1,TRUE,30000,UAH,1,*order1,,,,,,,,,,,
,6,2019-01-03,1,TRUE,30000,UAH,1,*order2,,,,,,,,,,,
,6,2019-01-04,1,TRUE,30000,UAH,1,*order2,,,,,,,,,,,
,6,2019-01-05,1,TRUE,30000,UAH,1,*order3,,,,,,,,,,,
,6,2019-01-06,1,TRUE,30000,UAH,1,*order3,,,,,,,,,,,
,6,2019-01-07,1,TRUE,30000,UAH,1,*order4,,,,,,,,,,,
,6,2019-01-08,1,TRUE,30000,UAH,1,*order4,,,,,,,,,,,
,6,2019-01-09,1,TRUE,30000,UAH,1,*order5,,,,,,,,,,,
,6,2019-01-10,1,TRUE,30000,UAH,1,*order5,,,,,,,,,,,
,6,2019-01-11,1,TRUE,30000,UAH,1,*order6,,,,,,,,,,,
,6,2019-01-12,1,TRUE,30000,UAH,1,*order6,,,,,,,,,,,
,6,2019-01-13,1,TRUE,30000,UAH,1,*order7,,,,,,,,,,,
,6,2019-01-14,1,TRUE,30000,UAH,1,*order7,,,,,,,,,,,
,6,2019-01-15,1,TRUE,30000,UAH,1,*order8,,,,,,,,,,,
,6,2019-01-16,1,TRUE,30000,UAH,1,*order8,,,,,,,,,,,
,6,2019-01-17,1,TRUE,30000,UAH,1,*order9,,,,,,,,,,,
,6,2019-01-18,1,TRUE,30000,UAH,1,*order9,,,,,,,,,,,
,6,2019-01-19,1,TRUE,30000,UAH,1,*order10,,,,,,,,,,,
,6,2019-01-20,1,TRUE,30000,UAH,1,*order10,,,,,,,,,,,
,6,2019-01-21,1,TRUE,30000,UAH,1,*order11,,,,,,,,,,,
,6,2019-01-22,1,TRUE,30000,UAH,1,*order11,,,,,,,,,,,
,6,2019-01-23,1,TRUE,30000,UAH,1,*order12,,,,,,,,,,,
,6,2019-01-24,1,TRUE,30000,UAH,1,*order12,,,,,,,,,,,
,6,2019-01-25,1,TRUE,30000,UAH,1,*order13,,,,,,,,,,,
,6,2019-01-26,1,TRUE,30000,UAH,1,*order13,,,,,,,,,,,
,6,2019-01-27,1,TRUE,30000,UAH,1,*order14,,,,,,,,,,,
,6,2019-01-28,1,TRUE,30000,UAH,1,*order14,,,,,,,,,,,
,6,2019-01-29,1,TRUE,30000,UAH,1,*order15,,,,,,,,,,,
,6,2019-01-30,1,TRUE,30000,UAH,1,*order15,,,,,,,,,,,
,6,2019-01-31,1,TRUE,30000,UAH,1,*order16,,,,,,,,,,,
,6,2019-02-01,1,TRUE,30000,UAH,1,*order16,,,,,,,,,,,
,6,2019-02-02,1,TRUE,30000,UAH,1,*order17,,,,,,,,,,,
,6,2019-02-03,1,TRUE,30000,UAH,1,*order17,,,,,,,,,,,
,6,2019-02-04,1,TRUE,30000,UAH,1,*order18,,,,,,,,,,,
,6,2019-02-05,1,TRUE,30000,UAH,1,*order18,,,,,,,,,,,
,6,2019-02-06,1,TRUE,30000,UAH,1,*order19,,,,,,,,,,,
,6,2019-02-07,1,TRUE,30000,UAH,1,*order19,,,,,,,,,,,
,6,2019-02-08,1,TRUE,30000,UAH,1,*order20,,,,,,,,,,,
,6,2019-02-09,1,TRUE,30000,UAH,1,*order20,,,,,,,,,,,
,6,2019-02-10,1,TRUE,30000,UAH,1,*order21,,,,,,,,,,,
,6,2019-02-11,1,TRUE,30000,UAH,1,*order21,,,,,,,,,,,
,6,2019-02-12,1,TRUE,30000,UAH,1,*order22,,,,,,,,,,,
,6,2019-02-13,1,TRUE,30000,UAH,1,*order22,,,,,,,,,,,
,6,2019-02-14,1,TRUE,30000,UAH,1,*order23,,,,,,,,,,,
,6,2019-02-15,1,TRUE,30000,UAH,1,*order23,,,,,,,,,,,
,6,2019-02-16,1,TRUE,30000,UAH,1,*order24,,,,,,,,,,,
,6,2019-02-17,1,TRUE,30000,UAH,1,*order24,,,,,,,,,,,
,6,2019-02-18,1,TRUE,30000,UAH,1,*order25,,,,,,,,,,,
,6,2019-02-19,1,TRUE,30000,UAH,1,*order25,,,,,,,,,,,
,6,2019-02-20,1,TRUE,30000,UAH,1,*order26,,,,,,,,,,,
,6,2019-02-21,1,TRUE,30000,UAH,1,*order26,,,,,,,,,,,
,6,2019-02-22,1,TRUE,30000,UAH,1,*order27,,,,,,,,,,,
,6,2019-02-23,1,TRUE,30000,UAH,1,*order27,,,,,,,,,,,
,6,2019-02-24,1,TRUE,30000,UAH,1,*order28,,,,,,,,,,,
,6,2019-02-25,1,TRUE,30000,UAH,1,*order28,,,,,,,,,,,
,6,2019-02-26,1,TRUE,30000,UAH,1,*order29,,,,,,,,,,,
,6,2019-02-27,1,TRUE,30000,UAH,1,*order29,,,,,,,,,,,
,6,2019-02-28,1,TRUE,30000,UAH,1,*order30,,,,,,,,,,,
,6,2019-03-01,1,TRUE,30000,UAH,1,*order30,,,,,,,,,,,
,6,2019-03-02,1,TRUE,30000,UAH,1,*order31,,,,,,,,,,,
,6,2019-03-03,1,TRUE,30000,UAH,1,*order31,,,,,,,,,,,
,6,2019-03-04,1,TRUE,30000,UAH,1,*order32,,,,,,,,,,,
,6,2019-03-05,1,TRUE,30000,UAH,1,*order32,,,,,,,,,,,
,6,2019-03-06,1,TRUE,30000,UAH,1,*order33,,,,,,,,,,,
,6,2019-03-07,1,TRUE,30000,UAH,1,*order33,,,,,,,,,,,
,6,2019-03-08,1,TRUE,30000,UAH,1,*order34,,,,,,,,,,,
,6,2019-03-09,1,TRUE,30000,UAH,1,*order34,,,,,,,,,,,
,6,2019-03-10,1,TRUE,30000,UAH,1,*order35,,,,,,,,,,,
,6,2019-03-11,1,TRUE,30000,UAH,1,*order35,,,,,,,,,,,
,6,2019-03-12,1,TRUE,30000,UAH,1,*order36,,,,,,,,,,,
,6,2019-03-13,1,TRUE,30000,UAH,1,*order36,,,,,,,,,,,
,6,2019-03-14,1,TRUE,30000,UAH,1,*order37,,,,,,,,,,,
,6,2019-03-15,1,TRUE,30000,UAH,1,*order37,,,,,,,,,,,
,6,2019-03-16,1,TRUE,30000,UAH,1,*order38,,,,,,,,,,,
,6,2019-03-17,1,TRUE,30000,UAH,1,*order38,,,,,,,,,,,
,6,2019-03-18,1,TRUE,30000,UAH,1,*order39,,,,,,,,,,,
,6,2019-03-19,1,TRUE,30000,UAH,1,*order39,,,,,,,,,,,
,6,2019-03-20,1,TRUE,30000,UAH,1,*order40,,,,,,,,,,,
,6,2019-03-21,1,TRUE,30000,UAH,1,*order40,,,,,,,,,,,
,6,2019-03-22,1,TRUE,30000,UAH,1,*order41,,,,,,,,,,,
,6,2019-03-23,1,TRUE,30000,UAH,1,*order41,,,,,,,,,,,
,6,2019-03-24,1,TRUE,30000,UAH,1,*order42,,,,,,,,,,,
,6,2019-03-25,1,TRUE,30000,UAH,1,*order42,,,,,,,,,,,
,6,2019-03-26,1,TRUE,30000,UAH,1,*order43,,,,,,,,,,,
,6,2019-03-27,1,TRUE,30000,UAH,1,*order43,,,,,,,,,,,
,6,2019-03-28,1,TRUE,30000,UAH,1,*order44,,,,,,,,,,,
,6,2019-03-29,1,TRUE,30000,UAH,1,*order44,,,,,,,,,,,
,6,2019-03-30,1,TRUE,30000,UAH,1,*order45,,,,,,,,,,,
,6,2019-03-31,1,TRUE,30000,UAH,1,*order45,,,,,,,,,,,
,6,2019-04-01,1,TRUE,30000,UAH,1,*order46,,,,,,,,,,,
,6,2019-04-02,1,TRUE,30000,UAH,1,*order46,,,,,,,,,,,
,6,2019-04-03,1,TRUE,30000,UAH,1,*order47,,,,,,,,,,,
,6,2019-04-04,1,TRUE,30000,UAH,1,*order47,,,,,,,,,,,
,6,2019-04-05,1,TRUE,30000,UAH,1,*order48,,,,,,,,,,,
,6,2019-04-06,1,TRUE,30000,UAH,1,*order48,,,,,,,,,,,
,6,2019-04-07,1,TRUE,30000,UAH,1,*order49,,,,,,,,,,,
,6,2019-04-08,1,TRUE,30000,UAH,1,*order49,,,,,,,,,,,
,6,2019-04-09,1,TRUE,30000,UAH,1,*order50,,,,,,,,,,,
,6,2019-04-10,1,TRUE,30000,UAH,1,*order50,,,,,,,,,,,
,6,2019-04-11,1,TRUE,30000,UAH,1,*order51,,,,,,,,,,,
,6,2019-04-12,1,TRUE,30000,UAH,1,*order51,,,,,,,,,,,
,6,2019-04-13,1,TRUE,30000,UAH,1,*order52,,,,,,,,,,,
,6,2019-04-14,1,TRUE,30000,UAH,1,*order52,,,,,,,,,,,
,6,2019-04-15,1,TRUE,30000,UAH,1,*order53,,,,,,,,,,,
,6,2019-04-16,1,TRUE,30000,UAH,1,*order53,,,,,,,,,,,
,6,2019-04-17,1,TRUE,30000,UAH,1,*order54,,,,,,,,,,,
,6,2019-04-18,1,TRUE,30000,UAH,1,*order54,,,,,,,,,,,
,6,2019-04-19,1,TRUE,30000,UAH,1,*order55,,,,,,,,,,,
,6,2019-04-20,1,TRUE,30000,UAH,1,*order55,,,,,,,,,,,
,6,2019-04-21,1,TRUE,30000,UAH,1,*order56,,,,,,,,,,,
,6,2019-04-22,1,TRUE,30000,UAH,1,*order56,,,,,,,,,,,
,6,2019-04-23,1,TRUE,30000,UAH,1,*order57,,,,,,,,,,,
,6,2019-04-24,1,TRUE,30000,UAH,1,*order57,,,,,,,,,,,
,6,2019-04-25,1,TRUE,30000,UAH,1,*order58,,,,,,,,,,,
,6,2019-04-26,1,TRUE,30000,UAH,1,*order58,,,,,,,,,,,
,6,2019-04-27,1,TRUE,30000,UAH,1,*order59,,,,,,,,,,,
,6,2019-04-28,1,TRUE,30000,UAH,1,*order59,,,,,,,,,,,
,6,2019-04-29,1,TRUE,30000,UAH,1,*order60,,,,,,,,,,,
,6,2019-04-30,1,TRUE,30000,UAH,1,*order60,,,,,,,,,,,
,6,2019-05-01,1,TRUE,30000,UAH,1,*order61,,,,,,,,,,,
,6,2019-05-02,1,TRUE,30000,UAH,1,*order61,,,,,,,,,,,
,6,2019-05-03,1,TRUE,30000,UAH,1,*order62,,,,,,,,,,,
,6,2019-05-04,1,TRUE,30000,UAH,1,*order62,,,,,,,,,,,
,6,2019-05-05,1,TRUE,30000,UAH,1,*order63,,,,,,,,,,,
,6,2019-05-06,1,TRUE,30000,UAH,1,*order63,,,,,,,,,,,
,6,2019-05-07,1,TRUE,30000,UAH,1,*order64,,,,,,,,,,,
,6,2019-05-08,1,TRUE,30000,UAH,1,*order64,,,,,,,,,,,
,6,2019-05-09,1,TRUE,30000,UAH,1,*order65,,,,,,,,,,,
,6,2019-05-10,1,TRUE,30000,UAH,1,*order65,,,,,,,,,,,
,6,2019-05-11,1,TRUE,30000,UAH,1,*order66,,,,,,,,,,,
,6,2019-05-12,1,TRUE,30000,UAH,1,*order66,,,,,,,,,,,
,6,2019-05-13,1,TRUE,30000,UAH,1,*order67,,,,,,,,,,,
,6,2019-05-14,1,TRUE,30000,UAH,1,*order67,,,,,,,,,,,
,6,2019-05-15,1,TRUE,30000,UAH,1,*order68,,,,,,,,,,,
,6,2019-05-16,1,TRUE,30000,UAH,1,*order68,,,,,,,,,,,
,6,2019-05-17,1,TRUE,30000,UAH,1,*order69,,,,,,,,,,,
,6,2019-05-18,1,TRUE,30000,UAH,1,*order69,,,,,,,,,,,
,6,2019-05-19,1,TRUE,30000,UAH,1,*order70,,,,,,,,,,,
,6,2019-05-20,1,TRUE,30000,UAH,1,*order70,,,,,,,,,,,
,6,2019-05-21,1,TRUE,30000,UAH,1,*order71,,,,,,,,,,,
,6,2019-05-22,1,TRUE,30000,UAH,1,*order71,,,,,,,,,,,
,6,2019-05-23,1,TRUE,30000,UAH,1,*order72,,,,,,,,,,,
,6,2019-05-24,1,TRUE,30000,UAH,1,*order72,,,,,,,,,,,
,6,2019-05-25,1,TRUE,30000,UAH,1,*order73,,,,,,,,,,,
,6,2019-05-26,1,TRUE,30000,UAH,1,*order73,,,,,,,,,,,
,6,2019-05-27,1,TRUE,30000,UAH,1,*order74,,,,,,,,,,,
,6,2019-05-28,1,TRUE,30000,UAH,1,*order74,,,,,,,,,,,
,6,2019-05-29,1,TRUE,30000,UAH,1,*order75,,,,,,,,,,,
,6,2019-05-30,1,TRUE,30000,UAH,1,*order75,,,,,,,,,,,
,6,2019-05-31,1,TRUE,30000,UAH,1,*order76,,,,,,,,,,,
,6,2019-06-01,1,TRUE,30000,UAH,1,*order76,,,,,,,,,,,
,6,2019-06-02,1,TRUE,30000,UAH,1,*order77,,,,,,,,,,,
,6,2019-06-03,1,TRUE,30000,UAH,1,*order77,,,,,,,,,,,
,6,2019-06-04,1,TRUE,30000,UAH,1,*order78,,,,,,,,,,,
,6,2019-06-05,1,TRUE,30000,UAH,1,*order78,,,,,,,,,,,
,6,2019-06-06,1,TRUE,30000,UAH,1,*order79,,,,,,,,,,,
,6,2019-06-07,1,TRUE,30000,UAH,1,*order79,,,,,,,,,,,
,6,2019-06-08,1,TRUE,30000,UAH,1,*order80,,,,,,,,,,,
,6,2019-06-09,1,TRUE,30000,UAH,1,*order80,,,,,,,,,,,
,6,2019-06-10,1,TRUE,30000,UAH,1,*order81,,,,,,,,,,,
,6,2019-06-11,1,TRUE,30000,UAH,1,*order81,,,,,,,,,,,
,6,2019-06-12,1,TRUE,30000,UAH,1,*order82,,,,,,,,,,,
,6,2019-06-13,1,TRUE,30000,UAH,1,*order82,,,,,,,,,,,
,6,2019-06-14,1,TRUE,30000,UAH,1,*order83,,,,,,,,,,,
,6,2019-06-15,1,TRUE,30000,UAH,1,*order83,,,,,,,,,,,
,6,2019-06-16,1,TRUE,30000,UAH,1,*order84,,,,,,,,,,,
,6,2019-06-17,1,TRUE,30000,UAH,1,*order84,,,,,,,,,,,
,6,2019-06-18,1,TRUE,30000,UAH,1,*order85,,,,,,,,,,,
,6,2019-06-19,1,TRUE,30000,UAH,1,*order85,,,,,,,,,,,
,6,2019-06-20,1,TRUE,30000,UAH,1,*order86,,,,,,,,,,,
,6,2019-06-21,1,TRUE,30000,UAH,1,*order86,,,,,,,,,,,
,6,2019-06-22,1,TRUE,30000,UAH,1,*order87,,,,,,,,,,,
,6,2019-06-23,1,TRUE,30000,UAH,1,*order87,,,,,,,,,,,
,6,2019-06-24,1,TRUE,30000,UAH,1,*order88,,,,,,,,,,,
,6,2019-06-25,1,TRUE,30000,UAH,1,*order88,,,,,,,,,,,
,6,2019-06-26,1,TRUE,30000,UAH,1,*order89,,,,,,,,,,,
,6,2019-06-27,1,TRUE,30000,UAH,1,*order89,,,,,,,,,,,
,6,2019-06-28,1,TRUE,30000,UAH,1,*order90,,,,,,,,,,,
,6,2019-06-29,1,TRUE,30000,UAH,1,*order90,,,,,,,,,,,
,6,2019-06-30,1,TRUE,30000,UAH,1,*order91,,,,,,,,,,,
,6,2019-07-01,1,TRUE,30000,UAH,1,*order91,,,,,,,,,,,
,6,2019-07-02,1,TRUE,30000,UAH,1,*order92,,,,,,,,,,,
,6,2019-07-03,1,TRUE,30000,UAH,1,*order92,,,,,,,,,,,
,6,2019-07-04,1,TRUE,30000,UAH,1,*order93,,,,,,,,,,,
,6,2019-07-05,1,TRUE,30000,UAH,1,*order93,,,,,,,,,,,
,6,2019-07-06,1,TRUE,30000,UAH,1,*order94,,,,,,,,,,,
,6,2019-07-07,1,TRUE,30000,UAH,1,*order94,,,,,,,,,,,
,6,2019-07-08,1,TRUE,30000,UAH,1,*order95,,,,,,,,,,,
,6,2019-07-09,1,TRUE,30000,UAH,1,*order95,,,,,,,,,,,
,6,2019-07-10,1,TRUE,30000,UAH,1,*order96,,,,,,,,,,,
,6,2019-07-11,1,TRUE,30000,UAH,1,*order96,,,,,,,,,,,
,6,2019-07-12,1,TRUE,30000,UAH,1,*order97,,,,,,,,,,,
,6,2019-07-13,1,TRUE,30000,UAH,1,*order97,,,,,,,,,,,
,6,2019-07-14,1,TRUE,30000,UAH,1,*order98,,,,,,,,,,,
,6,2019-07-15,1,TRUE,30000,UAH,1,*order98,,,,,,,,,,,
,6,2019-07-16,1,TRUE,30000,UAH,1,*order99,,,,,,,,,,,
,6,2019-07-17,1,TRUE,30000,UAH,1,*order99,,,,,,,,,,,
,6,2019-07-18,1,TRUE,30000,UAH,1,*order100,,,,,,,,,,,
,6,2019-07-19,1,TRUE,30000,UAH,1,*order100,,,,,,,,,,,
,6,2019-07-20,1,TRUE,30000,UAH,1,*order101,,,,,,,,,,,
,6,2019-07-21,1,TRUE,30000,UAH,1,*order101,,,,,,,,,,,
,6,2019-07-22,1,TRUE,30000,UAH,1,*order102,,,,,,,,,,,
,6,2019-07-23,1,TRUE,30000,UAH,1,*order102,,,,,,,,,,,
,6,2019-07-24,1,TRUE,30000,UAH,1,*order103,,,,,,,,,,,
,6,2019-07-25,1,TRUE,30000,UAH,1,*order103,,,,,,,,,,,
,6,2019-07-26,1,TRUE,30000,UAH,1,*order104,,,,,,,,,,,
,6,2019-07-27,1,TRUE,30000,UAH,1,*order104,,,,,,,,,,,
,6,2019-07-28,1,TRUE,30000,UAH,1,*order105,,,,,,,,,,,
,6,2019-07-29,1,TRUE,30000,UAH,1,*order105,,,,,,,,,,,
,6,2019-07-30,1,TRUE,30000,UAH,1,*order106,,,,,,,,,,,
,6,2019-07-31,1,TRUE,30000,UAH,1,*order106,,,,,,,,,,,
,6,2019-08-01,1,TRUE,30000,UAH,1,*order107,,,,,,,,,,,
,6,2019-08-02,1,TRUE,30000,UAH,1,*order107,,,,,,,,,,,
,6,2019-08-03,1,TRUE,30000,UAH,1,*order108,,,,,,,,,,,
,6,2019-08-04,1,TRUE,30000,UAH,1,*order108,,,,,,,,,,,
,6,2019-08-05,1,TRUE,30000,UAH,1,*order109,,,,,,,,,,,
,6,2019-08-06,1,TRUE,30000,UAH,1,*order109,,,,,,,,,,,
,6,2019-08-07,1,TRUE,30000,UAH,1,*order110,,,,,,,,,,,
,6,2019-08-08,1,TRUE,30000,UAH,1,*order110,,,,,,,,,,,
,6,2019-08-09,1,TRUE,30000,UAH,1,*order111,,,,,,,,,,,
,6,2019-08-10,1,TRUE,30000,UAH,1,*order111,,,,,,,,,,,
,6,2019-08-11,1,TRUE,30000,UAH,1,*order112,,,,,,,,,,,
,6,2019-08-12,1,TRUE,30000,UAH,1,*order112,,,,,,,,,,,
,6,2019-08-13,1,TRUE,30000,UAH,1,*order113,,,,,,,,,,,
,6,2019-08-14,1,TRUE,30000,UAH,1,*order113,,,,,,,,,,,
,6,2019-08-15,1,TRUE,30000,UAH,1,*order114,,,,,,,,,,,
,6,2019-08-16,1,TRUE,30000,UAH,1,*order114,,,,,,,,,,,
,6,2019-08-17,1,TRUE,30000,UAH,1,*order115,,,,,,,,,,,
,6,2019-08-18,1,TRUE,30000,UAH,1,*order115,,,,,,,,,,,
,6,2019-08-19,1,TRUE,30000,UAH,1,*order116,,,,,,,,,,,
,6,2019-08-20,1,TRUE,30000,UAH,1,*order116,,,,,,,,,,,
,6,2019-08-21,1,TRUE,30000,UAH,1,*order117,,,,,,,,,,,
,6,2019-08-22,1,TRUE,30000,UAH,1,*order117,,,,,,,,,,,
,6,2019-08-23,1,TRUE,30000,UAH,1,*order118,,,,,,,,,,,
,6,2019-08-24,1,TRUE,30000,UAH,1,*order118,,,,,,,,,,,
,6,2019-08-25,1,TRUE,30000,UAH,1,*order119,,,,,,,,,,,
,6,2019-08-26,1,TRUE,30000,UAH,1,*order119,,,,,,,,,,,
,6,2019-08-27,1,TRUE,30000,UAH,1,*order120,,,,,,,,,,,
,6,2019-08-28,1,TRUE,30000,UAH,1,*order120,,,,,,,,,,,
,6,2019-08-29,1,TRUE,30000,UAH,1,*order121,,,,,,,,,,,
,6,2019-08-30,1,TRUE,30000,UAH,1,*order121,,,,,,,,,,,
,6,2019-08-31,1,TRUE,30000,UAH,1,*order122,,,,,,,,,,,
,6,2019-09-01,1,TRUE,30000,UAH,1,*order122,,,,,,,,,,,
,6,2019-09-02,1,TRUE,30000,UAH,1,*order123,,,,,,,,,,,
,6,2019-09-03,1,TRUE,30000,UAH,1,*order123,,,,,,,,,,,
,6,2019-09-04,1,TRUE,30000,UAH,1,*order124,,,,,,,,,,,
,6,2019-09-05,1,TRUE,30000,UAH,1,*order124,,,,,,,,,,,
,6,2019-09-06,1,TRUE,30000,UAH,1,*order125,,,,,,,,,,,
,6,2019-09-07,1,TRUE,30000,UAH,1,*order125,,,,,,,,,,,
,6,2019-09-08,1,TRUE,30000,UAH,1,*order126,,,,,,,,,,,
,6,2019-09-09,1,TRUE,30000,UAH,1,*order126,,,,,,,,,,,
,6,2019-09-10,1,TRUE,30000,UAH,1,*order127,,,,,,,,,,,
,6,2019-09-11,1,TRUE,30000,UAH,1,*order127,,,,,,,,,,,
,6,2019-09-12,1,TRUE,30000,UAH,1,*order128,,,,,,,,,,,
,6,2019-09-13,1,TRUE,30000,UAH,1,*order128,,,,,,,,,,,
,6,2019-09-14,1,TRUE,30000,UAH,1,*order129,,,,,,,,,,,
,6,2019-09-15,1,TRUE,30000,UAH,1,*order129,,,,,,,,,,,
,6,2019-09-16,1,TRUE,30000,UAH,1,*order130,,,,,,,,,,,
,6,2019-09-17,1,TRUE,30000,UAH,1,*order130,,,,,,,,,,,
,6,2019-09-18,1,TRUE,30000,UAH,1,*order131,,,,,,,,,,,
,6,2019-09-19,1,TRUE,30000,UAH,1,*order131,,,,,,,,,,,
,6,2019-09-20,1,TRUE,30000,UAH,1,*order132,,,,,,,,,,,
,6,2019-09-21,1,TRUE,30000,UAH,1,*order132,,,,,,,,,,,
,6,2019-09-22,1,TRUE,30000,UAH,1,*order133,,,,,,,,,,,
,6,2019-09-23,1,TRUE,30000,UAH,1,*order133,,,,,,,,,,,
,6,2019-09-24,1,TRUE,30000,UAH,1,*order134,,,,,,,,,,,
,6,2019-09-25,1,TRUE,30000,UAH,1,*order134,,,,,,,,,,,
,6,2019-09-26,1,TRUE,30000,UAH,1,*order135,,,,,,,,,,,
,6,2019-09-27,1,TRUE,30000,UAH,1,*order135,,,,,,,,,,,
,6,2019-09-28,1,TRUE,30000,UAH,1,*order136,,,,,,,,,,,
,6,2019-09-29,1,TRUE,30000,UAH,1,*order136,,,,,,,,,,,